concurrency,run,response_time_ms,success
1,1,378,success
1,2,186,success
1,3,177,success
1,4,328,success
1,5,181,success
1,6,216,success
1,7,183,success
1,8,253,success
1,9,203,success
1,10,180,success
5,1,189,success
5,1,445,success
5,1,380,success
5,1,603,success
5,1,530,success
5,2,182,success
5,2,307,success
5,2,248,success
5,2,439,success
5,2,364,success
5,3,258,success
5,3,189,success
5,3,331,success
5,3,453,success
5,3,426,success
5,4,262,success
5,4,181,success
5,4,320,success
5,4,805,success
5,4,742,success
5,5,392,success
5,5,200,success
5,5,272,success
5,5,334,success
5,5,477,success
5,6,253,success
5,6,253,success
5,6,452,success
5,6,326,success
5,6,382,success
5,7,372,success
5,7,308,success
5,7,271,success
5,7,498,success
5,7,494,success
5,8,492,success
5,8,179,success
5,8,242,success
5,8,561,success
5,8,620,success
5,9,250,success
5,9,208,success
5,9,319,success
5,9,371,success
5,9,430,success
5,10,314,success
5,10,247,success
5,10,191,success
5,10,436,success
5,10,374,success
10,1,204,success
10,1,280,success
10,1,423,success
10,1,777,success
10,1,405,success
10,1,553,success
10,1,839,success
10,1,627,success
10,1,686,success
10,1,502,success
10,2,185,success
10,2,385,success
10,2,320,success
10,2,254,success
10,2,541,success
10,2,799,success
10,2,870,success
10,2,660,success
10,2,726,success
10,2,448,success
10,3,181,success
10,3,250,success
10,3,309,success
10,3,443,success
10,3,742,success
10,3,803,success
10,3,608,success
10,3,685,success
10,3,542,success
10,3,376,success
10,4,185,success
10,4,252,success
10,4,649,success
10,4,318,success
10,4,439,success
10,4,376,success
10,4,772,success
10,4,515,success
10,4,707,success
10,4,581,success
10,5,367,success
10,5,571,success
10,5,440,success
10,5,697,success
10,5,217,success
10,5,830,success
10,5,359,success
10,5,612,success
10,5,481,success
10,5,761,success
10,6,195,success
10,6,257,success
10,6,324,success
10,6,597,success
10,6,665,success
10,6,458,success
10,6,523,success
10,6,733,success
10,6,395,success
10,6,803,success
10,7,366,success
10,7,194,success
10,7,873,success
10,7,739,success
10,7,548,success
10,7,684,success
10,7,488,success
10,7,427,success
10,7,808,success
10,7,610,success
10,8,282,success
10,8,562,success
10,8,717,success
10,8,496,success
10,8,927,success
10,8,955,success
10,8,468,success
10,8,328,success
10,8,741,success
10,8,724,success
10,9,315,success
10,9,544,success
10,9,184,success
10,9,403,success
10,9,245,success
10,9,608,success
10,9,742,success
10,9,469,success
10,9,805,success
10,9,675,success
10,10,257,success
10,10,182,success
10,10,319,success
10,10,564,success
10,10,698,success
10,10,375,success
10,10,440,success
10,10,633,success
10,10,500,success
10,10,769,success
20,1,177,success
20,1,246,success
20,1,378,success
20,1,507,success
20,1,918,success
20,1,851,success
20,1,1107,success
20,1,712,success
20,1,586,success
20,1,978,success
20,1,1261,success
20,1,306,success
20,1,444,success
20,1,1301,success
20,1,1181,success
20,1,1035,success
20,1,647,success
20,1,790,success
20,1,1461,success
20,1,1380,success
20,2,187,success
20,2,881,success
20,2,351,success
20,2,1247,success
20,2,1563,success
20,2,1237,success
20,2,461,success
20,2,1232,success
20,2,340,success
20,2,556,success
20,2,1566,success
20,2,748,success
20,2,1432,success
20,2,1351,success
20,2,1046,success
20,2,872,success
20,2,684,success
20,2,690,success
20,2,959,success
20,2,377,success
20,3,186,success
20,3,1424,success
20,3,343,success
20,3,1289,success
20,3,739,success
20,3,462,success
20,3,535,success
20,3,601,success
20,3,1001,success
20,3,803,success
20,3,1065,success
20,3,868,success
20,3,1355,success
20,3,406,success
20,3,1129,success
20,3,935,success
20,3,1196,success
20,3,255,success
20,3,663,success
20,3,1534,success
20,4,184,success
20,4,331,success
20,4,256,success
20,4,706,success
20,4,648,success
20,4,903,success
20,4,567,success
20,4,1450,success
20,4,511,success
20,4,1296,success
20,4,444,success
20,4,389,success
20,4,1098,success
20,4,1354,success
20,4,1167,success
20,4,771,success
20,4,834,success
20,4,1031,success
20,4,969,success
20,4,1229,success
20,5,191,success
20,5,256,success
20,5,1382,success
20,5,319,success
20,5,586,success
20,5,1015,success
20,5,674,success
20,5,1527,success
20,5,811,success
20,5,1605,success
20,5,885,success
20,5,399,success
20,5,519,success
20,5,945,success
20,5,742,success
20,5,1458,success
20,5,1085,success
20,5,1299,success
20,5,1227,success
20,5,456,success
20,6,188,success
20,6,273,success
20,6,1390,success
20,6,331,success
20,6,1180,success
20,6,398,success
20,6,1525,success
20,6,1111,success
20,6,506,success
20,6,974,success
20,6,1264,success
20,6,570,success
20,6,1316,success
20,6,902,success
20,6,1051,success
20,6,775,success
20,6,1449,success
20,6,830,success
20,6,642,success
20,6,708,success
20,7,182,success
20,7,1093,success
20,7,316,success
20,7,251,success
20,7,584,success
20,7,712,success
20,7,910,success
20,7,1156,success
20,7,847,success
20,7,779,success
20,7,644,success
20,7,1213,success
20,7,1281,success
20,7,1403,success
20,7,444,success
20,7,1334,success
20,7,529,success
20,7,969,success
20,7,386,success
20,7,1028,success
20,8,257,success
20,8,193,success
20,8,395,success
20,8,659,success
20,8,581,success
20,8,1365,success
20,8,1176,success
20,8,804,success
20,8,727,success
20,8,527,success
20,8,1244,success
20,8,1110,success
20,8,1433,success
20,8,450,success
20,8,1502,success
20,8,873,success
20,8,1048,success
20,8,940,success
20,8,1300,success
20,8,320,success
20,9,253,success
20,9,184,success
20,9,393,success
20,9,795,success
20,9,316,success
20,9,655,success
20,9,851,success
20,9,453,success
20,9,1316,success
20,9,979,success
20,9,721,success
20,9,581,success
20,9,1105,success
20,9,1043,success
20,9,1436,success
20,9,1472,success
20,9,913,success
20,9,1176,success
20,9,518,success
20,9,1250,success
20,10,1311,success
20,10,1245,success
20,10,184,success
20,10,979,success
20,10,494,success
20,10,311,success
20,10,911,success
20,10,847,success
20,10,1174,success
20,10,1109,success
20,10,558,success
20,10,1524,success
20,10,693,success
20,10,625,success
20,10,1452,success
20,10,377,success
20,10,436,success
20,10,250,success
20,10,1044,success
20,10,1391,success
50,1,249,success
50,1,376,success
50,1,1494,success
50,1,2064,success
50,1,181,success
50,1,439,success
50,1,302,success
50,1,2473,success
50,1,1320,success
50,1,3357,success
50,1,1180,success
50,1,854,success
50,1,2663,success
50,1,3115,success
50,1,2662,success
50,1,2268,success
50,1,1944,success
50,1,2215,success
50,1,2996,success
50,1,1680,success
50,1,2387,success
50,1,1252,success
50,1,2919,success
50,1,3225,success
50,1,3308,success
50,1,3060,success
50,1,1809,success
50,1,2735,success
50,1,2884,success
50,1,2145,success
50,1,2528,success
50,1,1882,success
50,1,707,success
50,1,1564,success
50,1,1380,success
50,1,1472,success
50,1,505,success
50,1,3258,success
50,1,1051,success
50,1,2818,success
50,1,634,success
50,1,567,success
50,1,987,success
50,1,3428,success
50,1,1743,success
50,1,2071,success
50,1,918,success
50,1,2455,success
50,1,1111,success
50,1,849,success
50,2,189,success
50,2,1832,success
50,2,312,success
50,2,575,success
50,2,1902,success
50,2,254,success
50,2,2790,success
50,2,2396,success
50,2,970,success
50,2,3382,success
50,2,2722,success
50,2,378,success
50,2,2185,success
50,2,644,success
50,2,444,success
50,2,3058,success
50,2,1039,success
50,2,1304,success
50,2,2121,success
50,2,3329,success
50,2,3187,success
50,2,1101,success
50,2,3248,success
50,2,3450,success
50,2,1442,success
50,2,1702,success
50,2,911,success
50,2,512,success
50,2,1634,success
50,2,840,success
50,2,3127,success
50,2,1505,success
50,2,3597,success
50,2,1244,success
50,2,1967,success
50,2,1576,success
50,2,2454,success
50,2,2865,success
50,2,2929,success
50,2,2249,success
50,2,2321,success
50,2,2523,success
50,2,1377,success
50,2,1764,success
50,2,3531,success
50,2,1170,success
50,2,711,success
50,2,2045,success
50,2,780,success
50,2,2998,success
50,3,257,success
50,3,756,success
50,3,978,success
50,3,372,success
50,3,181,success
50,3,1209,success
50,3,1157,success
50,3,1426,success
50,3,1541,success
50,3,2787,success
50,3,3107,success
50,3,1755,success
50,3,2093,success
50,3,3295,success
50,3,2715,success
50,3,1958,success
50,3,1622,success
50,3,2907,success
50,3,2292,success
50,3,306,success
50,3,1345,success
50,3,2025,success
50,3,435,success
50,3,2839,success
50,3,2225,success
50,3,885,success
50,3,3293,success
50,3,1087,success
50,3,831,success
50,3,1275,success
50,3,1016,success
50,3,2974,success
50,3,3362,success
50,3,567,success
50,3,2585,success
50,3,3430,success
50,3,629,success
50,3,2364,success
50,3,2515,success
50,3,2161,success
50,3,502,success
50,3,3039,success
50,3,3171,success
50,3,1682,success
50,3,2451,success
50,3,1472,success
50,3,1845,success
50,3,2649,success
50,3,1892,success
50,3,692,success
50,4,23207,success
50,4,10042,failed
50,4,30042,failed
50,4,30042,failed
50,4,30036,failed
50,4,10032,failed
50,4,30028,failed
50,4,30035,failed
50,4,30034,failed
50,4,30036,failed
50,4,30035,failed
50,4,30029,failed
50,4,10048,failed
50,4,30039,failed
50,4,30030,failed
50,4,30030,failed
50,4,30029,failed
50,4,10041,failed
50,4,30034,failed
50,4,10040,failed
50,4,30037,failed
50,4,10030,failed
50,4,10027,failed
50,4,30030,failed
50,4,10035,failed
50,4,10034,failed
50,4,10045,failed
50,4,30049,failed
50,4,30033,failed
50,4,30031,failed
50,4,10039,failed
50,4,30035,failed
50,4,10053,failed
50,4,10035,failed
50,4,10031,failed
50,4,30032,failed
50,4,30035,failed
50,4,10034,failed
50,4,30030,failed
50,4,10032,failed
50,4,30026,failed
50,4,10034,failed
50,4,10028,failed
50,4,30030,failed
50,4,30038,failed
50,4,30053,failed
50,4,10036,failed
50,4,10045,failed
50,4,30039,failed
50,4,30037,failed
50,5,8257,success
50,5,8324,success
50,5,8519,success
50,5,10343,success
50,5,10940,success
50,5,11066,success
50,5,9238,success
50,5,11539,success
50,5,11007,success
50,5,9120,success
50,5,10609,success
50,5,8643,success
50,5,9370,success
50,5,8460,success
50,5,9930,success
50,5,11133,success
50,5,8915,success
50,5,10478,success
50,5,9169,success
50,5,10671,success
50,5,10280,success
50,5,8578,success
50,5,8847,success
50,5,10742,success
50,5,10120,success
50,5,8981,success
50,5,11272,success
50,5,10411,success
50,5,9446,success
50,5,8380,success
50,5,9720,success
50,5,11602,success
50,5,10054,success
50,5,11218,success
50,5,9301,success
50,5,11401,success
50,5,8777,success
50,5,8711,success
50,5,9584,success
50,5,10541,success
50,5,9118,success
50,5,9522,success
50,5,11343,success
50,5,11467,success
50,5,9783,success
50,5,9651,success
50,5,9991,success
50,5,10872,success
50,5,10813,success
50,5,9845,success
50,6,345,success
50,6,290,success
50,6,685,success
50,6,483,success
50,6,2434,success
50,6,2886,success
50,6,2235,success
50,6,826,success
50,6,2177,success
50,6,1594,success
50,6,401,success
50,6,1402,success
50,6,2955,success
50,6,1892,success
50,6,1462,success
50,6,1100,success
50,6,3569,success
50,6,3913,success
50,6,1542,success
50,6,1049,success
50,6,3707,success
50,6,533,success
50,6,602,success
50,6,2019,success
50,6,3025,success
50,6,1270,success
50,6,3842,success
50,6,1739,success
50,6,3775,success
50,6,905,success
50,6,746,success
50,6,3984,success
50,6,2109,success
50,6,2304,success
50,6,1650,success
50,6,1262,success
50,6,2622,success
50,6,1326,success
50,6,1273,success
50,6,1053,success
50,6,1945,success
50,6,2695,success
50,6,2821,success
50,6,2502,success
50,6,2066,success
50,6,1794,success
50,6,2754,success
50,6,3635,success
50,6,2389,success
50,6,2564,success
50,7,263,success
50,7,185,success
50,7,3170,success
50,7,536,success
50,7,3475,success
50,7,393,success
50,7,3544,success
50,7,687,success
50,7,460,success
50,7,818,success
50,7,2850,success
50,7,2643,success
50,7,2701,success
50,7,1277,success
50,7,2514,success
50,7,3743,success
50,7,2455,success
50,7,2587,success
50,7,3229,success
50,7,1164,success
50,7,3671,success
50,7,1162,success
50,7,1536,success
50,7,1675,success
50,7,1866,success
50,7,1739,success
50,7,326,success
50,7,3406,success
50,7,1612,success
50,7,2984,success
50,7,880,success
50,7,2010,success
50,7,751,success
50,7,2122,success
50,7,1493,success
50,7,2784,success
50,7,3289,success
50,7,1009,success
50,7,3338,success
50,7,2058,success
50,7,1796,success
50,7,1347,success
50,7,2918,success
50,7,3045,success
50,7,3613,success
50,7,941,success
50,7,1481,success
50,7,2004,success
50,7,3811,success
50,7,1201,success
50,8,2133,success
50,8,255,success
50,8,2007,success
50,8,184,success
50,8,1182,success
50,8,447,success
50,8,708,success
50,8,1042,success
50,8,2070,success
50,8,1642,success
50,8,637,success
50,8,515,success
50,8,2762,success
50,8,3581,success
50,8,316,success
50,8,2616,success
50,8,2825,success
50,8,2352,success
50,8,3233,success
50,8,3105,success
50,8,373,success
50,8,2902,success
50,8,3647,success
50,8,1378,success
50,8,3175,success
50,8,1706,success
50,8,2976,success
50,8,3039,success
50,8,2355,success
50,8,1578,success
50,8,2560,success
50,8,2684,success
50,8,775,success
50,8,1109,success
50,8,2555,success
50,8,1837,success
50,8,981,success
50,8,3511,success
50,8,1311,success
50,8,3309,success
50,8,1769,success
50,8,913,success
50,8,1942,success
50,8,3710,success
50,8,2211,success
50,8,844,success
50,8,1449,success
50,8,2418,success
50,8,1244,success
50,8,1513,success
50,9,186,success
50,9,328,success
50,9,2094,success
50,9,617,success
50,9,994,success
50,9,2805,success
50,9,396,success
50,9,254,success
50,9,2265,success
50,9,3238,success
50,9,744,success
50,9,2507,success
50,9,3023,success
50,9,2258,success
50,9,2640,success
50,9,3029,success
50,9,2004,success
50,9,538,success
50,9,1770,success
50,9,2313,success
50,9,479,success
50,9,683,success
50,9,3104,success
50,9,1056,success
50,9,1183,success
50,9,2571,success
50,9,1693,success
50,9,1122,success
50,9,3438,success
50,9,1558,success
50,9,3512,success
50,9,1830,success
50,9,1719,success
50,9,2469,success
50,9,3031,success
50,9,3157,success
50,9,2033,success
50,9,1495,success
50,9,1354,success
50,9,810,success
50,9,928,success
50,9,2711,success
50,9,2375,success
50,9,1508,success
50,9,865,success
50,9,3301,success
50,9,3380,success
50,9,2830,success
50,9,1899,success
50,9,1278,success
50,10,271,success
50,10,196,success
50,10,316,success
50,10,383,success
50,10,1869,success
50,10,1584,success
50,10,2973,success
50,10,3374,success
50,10,1652,success
50,10,3445,success
50,10,743,success
50,10,983,success
50,10,1771,success
50,10,1165,success
50,10,2005,success
50,10,2213,success
50,10,2249,success
50,10,3114,success
50,10,1436,success
50,10,546,success
50,10,613,success
50,10,1588,success
50,10,3170,success
50,10,3313,success
50,10,675,success
50,10,2910,success
50,10,936,success
50,10,3245,success
50,10,1336,success
50,10,2218,success
50,10,2571,success
50,10,1792,success
50,10,1080,success
50,10,2697,success
50,10,2006,success
50,10,3039,success
50,10,798,success
50,10,2500,success
50,10,2320,success
50,10,1198,success
50,10,462,success
50,10,2633,success
50,10,2433,success
50,10,491,success
50,10,1270,success
50,10,2768,success
50,10,1440,success
50,10,2069,success
50,10,2828,success
50,10,859,success
